Crossheadmm,LoadN,Timesec
0.0340000005962793,0.1052198410034,0.112999998033047
0.0673000031383708,0.24578608572479999,0.212999999523163
0.100800003565382,0.5279433131217001,0.312999993562698
0.134300003992394,0.6183139681816,0.412999987602234
0.167699996381998,0.5094935297966,0.513000011444092
0.200900001800619,0.4753917753696,0.612999975681305
0.234199993428774,0.5566324591635999,0.712999999523163
0.267600000370294,0.48103988170620005,0.813000023365021
0.300899991998449,0.5275735259056,0.912999987602234
0.334300013491884,0.60214138031,1.01300001144409
0.36750000435859,0.7216284275054,1.11300003528595
0.400799995986745,0.6198875308036,1.21300005912781
0.434299989137799,0.801596224308,1.31299996376038
0.467600009869784,0.8469358086586,1.41299998760223
0.500799971632659,0.6633003354072,1.51300001144409
0.534099992364645,0.7727757096290001,1.61300003528595
0.56750001385808,1.0540599822998,1.71300005912781
0.600899977143854,0.8822335600851999,1.81299996376038
0.633999996352941,0.9404302835464,1.91299998760223
0.667300017084926,1.1907492876052,2.01300001144409
0.7006999803707,0.8879361748695,2.11299991607666
0.734300003387034,0.9766963124275001,2.21300005912781
0.76760002411902,1.0096702575683,2.31299996376038
0.800799985881895,1.1273998022079,2.41300010681152
0.83420000737533,1.2470766305923,2.51300001144409
0.867600028868765,1.2046067714691,2.61299991607666
0.90079999063164,1.0587544441223,2.71300005912781
0.934100011363626,1.1937007904052002,2.81299996376038
0.96739997388795,1.3886821269988998,2.91300010681152
1.00080005358905,1.4314166307448999,3.01300001144409
1.03419995866716,1.5455173254013,3.11299991607666
1.0673999786377,1.530074596405,3.21300005912781
1.10069999936968,1.4879755973815,3.31299996376038
1.13390001934022,1.7505658864975,3.41300010681152
1.16730004083365,1.6997970342636,3.51300001144409
1.20069994591177,1.8138782978057,3.61299991607666
1.23419996816665,1.8506027460098,3.71300005912781
1.26749998889863,1.8151161670684,3.81299996376038
1.30080000963062,2.2205674648283997,3.91300010681152
1.33420003112406,2.2020592689514,4.01300001144409
1.36750005185604,2.0917701721190998,4.11299991607666
1.40069995541126,2.3042254447937003,4.21299982070923
1.43409997690469,2.1957201957701997,4.31300020217896
1.46749999839813,2.3696243762969997,4.41300010681152
1.50100002065301,2.2383496761322,4.51300001144409
1.53400003910065,2.4226293563842,4.61299991607666
1.56719994265586,2.5562386512756,4.71299982070923
1.60049996338785,2.6823244094848,4.81300020217896
1.63379998411983,2.5682287216186,4.91300010681152
1.66720000561327,2.924126625061,5.01300001144409
1.70070002786815,2.9328010082244,5.11299991607666
1.73390004783869,3.1796498298645,5.21299982070923
1.76719995215535,3.1889181137084996,5.31300020217896
1.80059997364879,3.2146186828612997,5.41300010681152
1.83399999514222,3.4894180297851,5.51300001144409
1.86720001511276,3.6289370059967,5.61299991607666
1.90040003508329,3.7317473888397,5.71299982070923
1.93390005733818,3.8200891017912997,5.81300020217896
1.96729996241629,4.0432157516479,5.91300010681152
2.0006000995636,4.2328124046325,6.01300001144409
2.03399988822639,4.4111065864563,6.11299991607666
2.06739990971982,4.6847071647644,6.21299982070923
2.10050004534423,4.9504833221435,6.31300020217896
2.1337999496609,5.0535769462585005,6.41300010681152
2.16719997115433,5.2032485008239,6.51300001144409
2.20059999264777,5.5123715400695,6.61299991607666
2.23389989696443,5.6817097663879,6.71299982070923
2.26729991845787,5.8029332160949005,6.81300020217896
2.30060005560517,6.2549781799316,6.91300010681152
2.33400007709861,6.5658044815063,7.01300001144409
2.36740009859204,6.9344940185546,7.11299991607666
2.40050000138581,7.3144454956053995,7.21299982070923
2.43379990570247,7.8359422683715,7.31300020217896
2.46710004284978,7.966036796569801,7.41300010681152
2.50059994868934,7.9798746109008,7.51300001144409
2.53390008583665,8.7826509475708,7.61299991607666
2.56730010733008,9.0109481811523,7.71299982070923
2.60060001164675,9.3780651092529,7.81300020217896
2.63389991596341,9.9355459213256,7.91300010681152
2.66729993745685,10.432585716247601,8.01299953460693
2.70069995895028,11.032807350158699,8.11299991607666
2.73400009609759,11.3945074081421,8.21300029754639
2.76720011606812,11.9766130447388,8.3129997253418
2.80050002038479,12.5463848114014,8.41300010681152
2.83399992622435,13.1712436676025,8.51299953460693
2.86730006337166,13.713570594787601,8.61299991607666
2.90039996616542,14.3355417251587,8.71300029754639
2.93379998765886,14.636929512023901,8.8129997253418
2.96720000915229,15.1912622451782,8.91300010681152
3.00060003064573,15.998436927795401,9.01299953460693
3.03369993343949,16.623472213745103,9.11299991607666
3.06689995341003,17.1497192382812,9.21300029754639
3.10040009208024,17.7159729003906,9.3129997253418
3.13400011509657,18.436307907104503,9.41300010681152
3.16730001941323,19.1871509552002,9.51299953460693
3.2005999237299,19.8400764465332,9.61299991607666
3.23399994522333,20.6351089477539,9.71300029754639
3.26739996671677,21.2765483856201,9.8129997253418
3.3005999866873,21.9027404785156,9.91300010681152
3.33389989100397,22.6568584442139,10.0129995346069
3.36720002815127,23.54225730896,10.1129999160767
3.40060004964471,24.2451763153076,10.2130002975464
3.43400007113814,25.0604686737061,10.3129997253418
3.46729997545481,25.765069961547898,10.4130001068115
3.50060011260211,26.7472629547119,10.5129995346069
3.53379989974201,27.5244464874268,10.6129999160767
3.56719992123544,28.4329357147217,10.7130002975464
3.60059994272888,29.1697521209717,10.8129997253418
3.63399996422231,29.9608383178711,10.9130001068115
3.66739998571575,30.8295497894287,11.0129995346069
3.70069989003241,31.755710601806598,11.1129999160767
3.73409991152585,32.690601348877,11.2130002975464
3.76749993301928,33.632869720459,11.3129997253418
3.80080007016659,34.4694633483887,11.4130001068115
3.83409997448325,35.4586791992188,11.5129995346069
3.86760011315346,36.3771858215332,11.6129999160767
3.90099990181625,37.396064758300795,11.7130002975464
3.93400015309453,38.322097778320305,11.8129997253418
3.96719994023442,39.3620872497559,11.9130001068115
4.00059996172786,40.24560546875,12.0129995346069
4.03399998322129,41.321365356445305,12.1129999160767
4.06740000471473,42.3342170715332,12.2130002975464
4.10099979490042,43.2537612915039,12.3129997253418
4.1342000477016,44.161613464355504,12.4130001068115
4.16739983484149,45.2652969360352,12.5129995346069
4.2008999735117,46.0934638977051,12.6129999160767
4.23429999500513,47.3902854919434,12.7130002975464
4.26759989932179,48.2588195800781,12.8129997253418
4.30080015212297,49.3745307922363,12.9130001068115
4.33420017361641,50.280750274658196,13.0129995346069
4.36769984662533,51.043125152587905,13.1129999160767
4.40090009942651,52.1156387329102,13.2130002975464
4.43430012091994,53.2141342163086,13.3129997253418
4.46760002523661,54.356765747070305,13.4130001068115
4.5007998123765,55.387523651123,13.5129995346069
4.53410018235445,56.461662292480504,13.6129999160767
4.56759985536337,57.8517646789551,13.7130002975464
4.60090022534132,58.813648223877,13.8129997253418
4.63429978117347,60.0925369262695,13.9130001068115
4.66750003397465,61.3186988830566,14.0129995346069
4.70090005546808,62.5597648620606,14.1129999160767
4.73430007696152,63.5944328308106,14.2130002975464
4.76770009845495,64.7174453735352,14.3129997253418
4.80089988559484,66.1740036010742,14.4130001068115
4.83410013839602,67.0933456420898,14.5129995346069
4.86750015988946,68.4034957885742,14.6129999160767
4.90090018138289,69.7419967651367,14.7130002975464
4.93420008569956,70.6056747436523,14.8129997253418
4.96749999001622,71.7829437255859,14.9130001068115
5.00079989433289,72.4790115356445,15.0129995346069
5.03419991582632,73.7515869140625,15.1129999160767
5.06759993731976,74.3394546508789,15.2130002975464
5.10099995881319,70.7226486206055,15.3129997253418
5.13429986312985,67.4352035522461,15.4130001068115
5.16750011593103,66.85400390625,15.5129995346069
5.2008000202477,63.37864303588869,15.6129999160767
5.23409992456436,63.56355667114259,15.7130002975464
5.2674999460578,64.1740798950195,15.8129997253418
5.30070019885898,65.27813720703129,15.9130001068115
5.33410022035241,66.01670074462889,16.0130004882813
5.36749977618456,63.725227355956996,16.113000869751
5.40080014616251,64.5526275634766,16.2129993438721
5.4339999333024,57.1929969787598,16.3129997253418
5.46710006892681,54.7531967163086,16.4130001068115
5.50060020759702,49.6650428771973,16.5130004882813
5.53419999778271,49.3836860656738,16.613000869751
5.56749990209937,50.448314666748,16.7129993438721
5.60079980641603,51.8190956115723,16.8129997253418
5.63419982790947,53.428394317626996,16.9130001068115
5.66750019788742,54.4618225097656,17.0130004882813
5.70069998502731,55.845245361328104,17.113000869751
5.73389977216721,57.1506233215332,17.2129993438721
5.76720014214516,58.6020889282227,17.3129997253418
5.80060016363859,59.9181098937988,17.4130001068115
5.83400018513203,61.249790191650405,17.5130004882813
5.86730008944869,62.2964630126953,17.613000869751
5.90049987658858,63.45959854125981,17.7129993438721
5.93370012938976,64.6803436279297,17.8129997253418
5.96729991957545,65.895378112793,17.9130001068115
6.00050017237663,67.23953247070311,18.0130004882813
6.0338000766933,68.40028381347659,18.113000869751
6.0673002153635,69.4767532348633,18.2129993438721
6.10069977119565,70.8299102783203,18.3129997253418
6.1340001411736,71.8103332519531,18.4130001068115
6.16730004549026,72.9075622558594,18.5130004882813
6.2007000669837,73.9677200317383,18.613000869751
6.23399997130036,74.3255081176758,18.7129993438721
6.2673999927938,75.1468887329102,18.8129997253418
6.30080001428723,76.2771377563477,18.9130001068115
6.3336999155581,76.1925582885742,19.0130004882813
6.36709993705153,77.1663513183594,19.113000869751
6.4003998413682,77.0375747680664,19.2129993438721
6.43370021134615,76.44125366210939,19.3129997253418
6.46719988435507,76.6284103393555,19.4130001068115
6.50070002302527,77.9041748046875,19.5130004882813
6.53380015864968,79.81166076660159,19.613000869751
6.56710006296635,81.52496337890621,19.7129993438721
6.60069985315204,82.5300216674805,19.8129997253418
6.63390010595322,82.384651184082,19.9130001068115
6.66720001026988,83.4397430419922,20.0130004882813
6.70049991458654,85.2237167358399,20.113000869751
6.73389993607998,87.151123046875,20.2129993438721
6.76719984039664,88.5006484985352,20.3129997253418
6.80050021037459,90.2770690917969,20.4130001068115
6.83380011469126,91.81879425048831,20.5130004882813
6.86729978770018,92.6472091674805,20.613000869751
6.90039992332458,94.1226577758789,20.7129993438721
6.93379994481802,95.6789474487305,20.8129997253418
6.96709984913468,97.2422332763672,20.9130001068115
7.00049987062812,98.7727432250977,21.0130004882813
7.03379977494478,98.6784439086914,21.113000869751
7.06710014492273,99.7049026489258,21.2129993438721
7.10050016641617,101.028282165527,21.3129997253418
7.1339001879096,100.835861206055,21.4130001068115
7.16720009222627,102.06194305419899,21.5130004882813
7.20049999654293,103.53860473632801,21.613000869751
7.23369978368282,104.87744140625,21.7129993438721
7.26719992235303,106.276718139648,21.8129997253418
7.30049982666969,106.69342041015601,21.9130001068115
7.33380019664764,107.487373352051,22.0130004882813
7.36710010096431,108.348121643066,22.113000869751
7.40040000528097,109.885414123535,22.2129993438721
7.43380002677441,111.007118225098,22.3129997253418
7.46709993109107,111.390983581543,22.4130001068115
7.50060006976128,112.63639831543,22.5130004882813
7.53389997407794,114.148979187012,22.613000869751
7.56710022687912,115.594520568848,22.7129993438721
7.60030001401901,116.929161071777,22.8129997253418
7.63370003551245,117.812744140625,22.9130001068115
7.66710005700588,119.02273559570301,23.0130004882813
7.70039996132255,120.626037597656,23.113000869751
7.73379998281598,122.122261047363,23.2129993438721
7.76720000430942,123.10308837890601,23.3129997253418
7.80049990862608,124.692726135254,23.4130001068115
7.83380027860403,125.996200561523,23.5130004882813
7.86690041422844,127.80615234375,23.613000869751
7.90040008723736,129.410903930664,23.7129993438721
7.93400034308434,131.222320556641,23.8129997253418
7.96729978173971,133.097061157227,23.9130001068115
8.00060015171766,134.85578918457,24.0130004882813
8.03409982472658,136.309616088867,24.113000869751
8.06740019470453,138.281188964844,24.2129993438721
8.10059998184443,138.83268737793,24.3129997253418
8.13379976898432,140.389465332031,24.4130001068115
8.16719979047775,141.4921875,24.5130004882813
8.20070039480925,143.048446655273,24.613000869751
8.23399983346462,144.637786865234,24.7129993438721
8.26739985495806,145.788970947266,24.8129997253418
8.30059964209795,147.603912353516,24.9130001068115
8.3339000120759,149.24467468261702,25.0130004882813
8.36739968508482,150.680130004883,25.113000869751
8.40070005506277,150.991088867188,25.2129993438721
8.43389984220266,149.77844238281298,25.3129997253418
8.46750009804964,149.088745117188,25.4130001068115
8.50069988518953,142.503631591797,25.5130004882813
8.53419955819845,142.467147827148,25.613000869751
8.5674999281764,137.745895385742,25.7129993438721
8.60080029815435,138.229782104492,25.8129997253418
8.63420031964779,139.477844238281,25.9130001068115
8.66760034114122,140.913070678711,26.0130004882813
8.7008997797966,142.465255737305,26.113000869751
8.73390026390553,143.29496765136702,26.2129993438721
8.7671997025609,144.190963745117,26.3129997253418
8.8007003068924,145.870513916016,26.4130001068115
8.83399974554777,147.53303527832,26.5130004882813
8.86739976704121,149.176834106445,26.613000869751
8.9009003713727,150.83805847168,26.7129993438721
8.93389992415905,152.530151367188,26.8129997253418
8.96729994565248,154.060577392578,26.9130001068115
9.00090020149946,154.23864746093798,27.0130004882813
9.03409998863935,154.205490112305,27.113000869751
9.06750001013279,153.868026733398,27.2129993438721
9.10090003162622,153.038360595703,27.3129997253418
9.13420040160418,149.332275390625,27.4130001068115
9.16760042309761,145.729415893555,27.5130004882813
9.2008002102375,144.113739013672,27.613000869751
9.23409964889288,143.270217895508,27.7129993438721
9.26749967038631,142.61549377441398,27.8129997253418
9.30070038884878,142.502197265625,27.9130001068115
9.33410041034222,143.039093017578,28.0130004882813
9.36760008335114,143.83088684082,28.113000869751
9.40079987049103,143.798751831055,28.2129993438721
9.43419989198446,143.27867126464798,28.3129997253418
9.46739967912436,136.949935913086,28.4130001068115
9.50070004910231,136.659652709961,28.5130004882813
9.53410007059574,136.454849243164,28.613000869751
9.56750009208918,136.441650390625,28.7129993438721
9.60080046206713,137.032241821289,28.8129997253418
9.6340999007225,136.549423217773,28.9130001068115
9.66740027070045,136.994140625,29.0130004882813
9.70089994370937,136.083206176758,29.113000869751
9.73409973084927,134.06494140625,29.2129993438721
9.76730044931173,104.232322692871,29.3129997253418
9.80069953948259,86.0060195922852,29.4130001068115
9.83409956097603,83.1631240844727,29.5130004882813
9.86749958246946,82.5829467773437,29.613000869751
9.90100018680096,82.0274276733398,29.7129993438721
9.93419997394085,81.4736022949219,29.8129997253418
9.9675003439188,81.22858428955081,29.9130001068115
10.0007001310587,81.16734313964841,30.0130004882813
10.0338999181986,81.2478103637695,30.113000869751
10.067299939692,80.2719421386719,30.2129993438721
10.10060030967,79.644287109375,30.3129997253418
10.1340003311634,75.28369140625,30.4130001068115
10.1674003526568,73.6288604736328,30.5130004882813
10.2006997913122,72.54833984375,30.613000869751
10.2338995784521,71.27463531494139,30.7129993438721
10.266900062561,70.7456588745117,30.8129997253418
10.30039973557,69.83290863037111,30.9130001068115
10.3340996429324,69.45314025878909,31.0130004882813
10.3673003613949,69.200309753418,31.113000869751
10.4007003828883,69.1912155151367,31.2129993438721
10.4341004043818,68.8118438720703,31.3129997253418
10.4673998430371,68.20143127441409,31.4130001068115
10.5007002130151,67.9927062988281,31.5130004882813
10.533900000155,67.17343902587889,31.613000869751
10.5670997872949,65.78977203369139,31.7129993438721
10.6007000431418,65.03559112548831,31.8129997253418
10.6338998302817,64.3317031860352,31.9130001068115
10.6672998517752,64.20030975341801,32.0130004882813
10.7006002217531,63.7249183654785,32.1129989624023
10.733800008893,63.093925476074205,32.2130012512207
10.76740026474,62.9166831970215,32.3129997253418
10.8006000518799,62.2547035217285,32.4129981994629
10.8337998390198,61.3713874816895,32.5130004882813
10.8673004433513,59.7631225585937,32.6129989624023
10.9007004648447,58.6517295837402,32.7130012512207
10.9339999035001,58.2902946472168,32.8129997253418
10.967300273478,57.8752517700195,32.9129981994629
11.0005997121334,57.7018890380859,33.0130004882813
11.0339997336268,57.761947631835895,33.1129989624023
11.0673997551203,57.153671264648395,33.2130012512207
11.1007001250982,49.7022018432617,33.3129997253418
11.1336996778846,48.8859100341797,33.4129981994629
11.166900396347,48.5561332702637,33.5130004882813
11.2004997208714,47.9097290039062,33.6129989624023
11.2338000908494,47.701042175293004,33.7130012512207
11.2672997638583,47.6627731323242,33.8129997253418
11.3006997853518,47.5604972839355,33.9129981994629
11.3335996866226,46.5498123168945,34.0130004882813
11.3669997081161,46.284942626953104,34.1129989624023
11.4006996154785,46.0577049255371,34.2130012512207
11.4337997511029,45.663257598877,34.3129997253418
11.4671997725964,45.3924369812012,34.4129981994629
11.5007003769279,44.786121368408196,34.5130004882813
11.5339001640677,44.6892280578613,34.6129989624023
11.5673001855612,43.9482688903809,34.7130012512207
11.6005996242166,43.6943397521973,34.8129997253418
11.633699759841,43.4205513000488,34.9129981994629
11.6672003641725,43.3284912109375,35.0130004882813
11.7002995684743,43.1684379577637,35.1129989624023
11.7338001728058,42.8297080993652,35.2130012512207
11.7672001942992,42.5530548095703,35.3129997253418
11.8004996329546,42.225772857666,35.4129981994629
11.833899654448,42.1126022338867,35.5130004882813
11.8671003729105,42.0584526062012,35.6129989624023
11.9003998115659,41.93784713745119,35.7130012512207
11.9337998330593,41.9410705566406,35.8129997253418
11.9671998545527,41.6905326843262,35.9129981994629
12.0005002245307,41.1614227294922,36.0130004882813
12.0337996631861,41.095199584960895,36.1129989624023
12.0671996846795,40.9433479309082,36.2130012512207
12.1005997061729,40.939361572265604,36.3129997253418
12.1339000761509,40.9056968688965,36.4129981994629
12.1670998632908,41.0770950317383,36.5130004882813
12.2004998847842,40.1459083557129,36.6129989624023
12.2338999062777,39.002468109130895,36.7130012512207
12.2672999277711,38.5489044189453,36.8129997253418
12.30079960078,38.3729858398437,36.9129981994629
12.3340003192425,38.369815826416,37.0130004882813
12.3672997578979,38.188568115234396,37.1129989624023
12.4006001278758,38.072193145751996,37.2130012512207
12.4337002635002,38.2919502258301,37.3129997253418
12.4671002849936,38.2005882263184,37.4129981994629
12.5005999580026,38.0696258544922,37.5130004882813
12.533999979496,38.2569580078125,37.6129989624023
12.5674000009894,37.74460983276369,37.7130012512207
12.6007003709674,37.8490600585938,37.8129997253418
12.6339001581073,37.6425514221191,37.9129981994629
12.6670999452472,37.263580322265604,38.0130004882813
12.7004999667406,37.6209106445312,38.1129989624023
12.7341002225876,37.5377616882324,38.2130012512207
12.767399661243,37.544979095459,38.3129997253418
12.8007996827364,37.6421546936035,38.4129981994629
12.8343002870679,33.2153244018555,38.5130004882813
12.8675000742078,32.162425994873,38.6129989624023
12.9008004441857,31.8854179382324,38.7130012512207
12.9340002313256,31.860910415649403,38.8129997253418
12.967299669981,31.5109920501709,38.9129981994629
13.0006996914744,31.598045349121097,39.0130004882813
13.0340000614524,31.5186958312988,39.1129989624023
13.0674000829458,31.2974967956543,39.2130012512207
13.1008001044393,31.1139793395996,39.3129997253418
13.1340995430946,30.659467697143597,39.4129981994629
13.1676001474261,30.848342895507802,39.5130004882813
13.200799934566,30.491382598877,39.6129989624023
13.2339997217059,30.5315895080566,39.7130012512207
13.2673997431993,30.553430557250998,39.8129997253418
13.3009003475308,30.298051834106403,39.9129981994629
13.3343003690243,30.194593429565398,40.0130004882813
13.3675998076797,30.1520214080811,40.1129989624023
13.4009001776576,30.1521606445313,40.2130012512207
13.4343998506665,30.115505218505902,40.3129997253418
13.4677002206445,29.9201889038086,40.4129981994629
13.5009000077844,29.904186248779297,40.5130004882813
13.5338995605707,29.790029525756797,40.6129989624023
13.5671999305487,29.8067855834961,40.7130012512207
13.6008001863956,29.8088417053223,40.8129997253418
13.6342002078891,29.591999053955103,40.9129981994629
13.667699880898,29.689857482910202,41.0130004882813
13.7010002508759,29.6515045166016,41.1129989624023
13.7339998036623,29.7856063842773,41.2130012512207
13.7673001736403,29.6583938598633,41.3129997253418
13.8009004294872,29.877689361572298,41.4129981994629
13.8341002166271,29.7142333984375,41.5130004882813
13.867599889636,29.9168357849121,41.6129989624023
13.9009999111295,29.7218112945557,41.7130012512207
13.9343002811074,29.6591377258301,41.8129997253418
13.9677003026009,29.5580158233643,41.9129981994629
14.0009000897408,29.495237350463903,42.0130004882813
14.0340998768806,29.4230499267578,42.1129989624023
14.0674002468586,29.2244815826416,42.2130012512207
14.100800268352,29.0696468353271,42.3129997253418
14.1342002898455,28.719795227050803,42.4129981994629
14.1676003113389,28.829597473144503,42.5130004882813
14.2008997499943,28.7997379302979,42.6129989624023
14.2342997714877,28.9869041442871,42.7130012512207
14.2674995586276,28.6768379211426,42.8129997253418
14.3007002770901,28.6288890838623,42.9129981994629
14.3341002985835,28.7879467010498,43.0130004882813
14.3675003200769,28.162906646728498,43.1129989624023
14.4007997587323,28.1478023529053,43.2130012512207
14.4341001287103,28.0912799835205,43.3129997253418
14.4675001502037,28.253026962280302,43.4129981994629
14.5009001716971,28.1702060699463,43.5130004882813
14.5341996103525,28.0426464080811,43.6129989624023
14.567400328815,27.9501705169678,43.7130012512207
14.6006001159549,27.9019336700439,43.8129997253418
14.6342003718019,27.9846973419189,43.9129981994629
14.6676003932953,27.8737049102783,44.0130004882813
14.7011000663042,27.8244342803955,44.1129989624023
14.7342002019286,27.736839294433597,44.2130012512207
14.767499640584,27.758285522460902,44.3129997253418
14.8008000105619,27.7435684204102,44.4129981994629
14.8339001461864,27.9573669433594,44.5130004882813
14.8671995848417,27.8731689453125,44.6129989624023
14.9007001891732,27.8857364654541,44.7130012512207
14.9341002106667,27.7621974945068,44.8129997253418
14.9675998836756,24.4502143859863,44.9129981994629
15.0007000193,24.0252857208252,45.0130004882813
15.0338998064399,23.9670448303223,45.1129989624023
15.0670995935798,23.965894699096697,45.2130012512207
15.1004996150732,23.9143867492676,45.3129997253418
15.1340002194047,23.9462223052979,45.4129981994629
15.1672996580601,24.074735641479503,45.5130004882813
15.2008002623916,23.6329822540283,45.6129989624023
15.234200283885,23.3733234405518,45.7130012512207
15.2674000710249,23.282548904418903,45.8129997253418
15.3007004410028,23.1516036987305,45.9129981994629
15.3339002281427,23.1418056488037,46.0130004882813
15.3671000152826,22.7296581268311,46.1129989624023
15.4005996882915,22.7403964996338,46.2130012512207
15.4339000582695,22.7314949035645,46.3129997253418
15.4673000797629,22.930192947387702,46.4129981994629
15.5004998669028,22.841833114624,46.5130004882813
15.5338998883963,22.961416244506797,46.6129989624023
15.5673995614052,22.8839893341064,46.7130012512207
15.6004996970296,22.822359085083,46.8129997253418
15.6337004154921,22.890409469604503,46.9129981994629
15.667200088501,22.739311218261697,47.0130004882813
15.7006997615099,22.7596054077148,47.1129989624023
15.7340001314878,21.675586700439503,47.2130012512207
15.7673005014658,20.7533988952637,47.3129997253418
15.8006008714437,19.9786510467529,47.4129981994629
15.8341005444527,20.086830139160202,47.5130004882813
15.8673003315926,20.1369304656982,47.6129989624023
15.9003995358944,20.126615524292,47.7130012512207
15.9335006028414,20.1747722625732,47.8129997253418
15.9668996930122,20.125125885009798,47.9129981994629
16.0003993660212,20.075328826904297,48.0130004882813
16.0339009016752,19.918924331665,48.1129989624023
16.0674005746841,20.0901393890381,48.2130012512207
16.100600361824,20.3362846374512,48.3129997253418
16.133600845933,20.2600936889648,48.4129981994629
16.1669999361038,20.020179748535202,48.5130004882813
16.2004996091127,20.0743618011475,48.6129989624023
16.2337999790907,19.864013671875,48.7130012512207
16.2671003490686,19.963964462280302,48.8129997253418
16.3006000220776,20.0111808776855,48.9129981994629
16.3339991122484,19.7922763824463,49.0130004882813
16.3674000650644,19.664306640625,49.1129989624023
16.4005998522043,19.636791229248,49.2130012512207
16.4337996393442,19.4465713500977,49.3129997253418
16.4671000093222,19.5686511993408,49.4129981994629
16.500499099493,19.4350051879883,49.5130004882813
16.533900052309,19.4662036895752,49.6129989624023
16.5672991424799,19.2535095214844,49.7130012512207
16.6007000952959,19.3197116851807,49.8129997253418
16.6340004652739,19.2908344268799,49.9129981994629
16.6672002524137,19.323148727417,50.0130004882813
16.7005006223917,19.2646617889404,50.1129989624023
16.7338997125626,19.2503337860107,50.2130012512207
16.7673006653786,19.4100761413574,50.3129997253418
16.8005991727114,19.374538421630902,50.4129981994629
16.8338995426893,19.4015407562256,50.5130004882813
16.8673004955053,19.2802257537842,50.6129989624023
16.9006995856762,19.2001037597656,50.7130012512207
16.9338993728161,19.3229961395264,50.8129997253418
16.967099159956,19.2361927032471,50.9129981994629
17.000500112772,18.912172317504897,51.0130004882813
17.0339997857809,18.794748306274403,51.1129989624023
17.0674007385969,18.5617752075195,51.2130012512207
17.1007998287678,18.8199939727783,51.3129997253418
17.1341001987457,18.6018295288086,51.4129981994629
17.1672999858856,18.8350028991699,51.5130004882813
17.2006003558636,18.746839523315398,51.6129989624023
17.2338001430035,18.7414932250977,51.7130012512207
17.2671005129814,18.3876438140869,51.8129997253418
17.3006001859903,18.5693454742432,51.9129981994629
17.3339992761612,18.8556823730469,52.0130004882813
17.3675008118153,18.5554656982422,52.1129989624023
17.4007005989552,18.8069705963135,52.2130012512207
17.433900386095,18.9108180999756,52.3129997253418
17.4671001732349,18.880350112915,52.4129981994629
17.5007004290819,18.8021354675293,52.5130004882813
17.5340007990599,18.767053604126,52.6129989624023
17.5673998892307,19.011365890502898,52.7130012512207
17.6008008420467,18.8563613891602,52.8129997253418
17.6343005150557,17.1595039367676,52.9129981994629
17.6676008850336,17.0932712554932,53.0130004882813
17.7008006721735,17.1255207061768,53.1129989624023
17.7340004593134,17.149808883667,53.2130012512207
17.7673008292913,17.3885173797607,53.3129997253418
17.8006999194622,17.491455078125,53.4129981994629
17.8341008722782,17.5135192871094,53.5130004882813
17.8674999624491,17.464656829834,53.6129989624023
17.900800332427,17.582942962646502,53.7130012512207
17.9341994225979,17.553581237793,53.8129997253418
17.9676003754139,17.843013763427702,53.9129981994629
18.0008001625538,17.850502014160202,54.0130004882813
18.0339999496937,17.9066104888916,54.1129989624023
18.0674009025097,17.8421401977539,54.2130012512207
18.1009005755186,17.992710113525398,54.3129997253418
18.1342996656895,17.8428230285645,54.4129981994629
18.1676000356674,17.9385604858398,54.5130004882813
18.2009991258383,17.800479888916,54.6129989624023
18.2345006614923,18.3410472869873,54.7130012512207
18.2677004486322,18.0246353149414,54.8129997253418
18.3006003499031,18.1326236724854,54.9129981994629
18.3339007198811,18.1171989440918,55.0130004882813
18.3672998100519,18.3698768615723,55.1129989624023
18.4007994830608,18.4231719970703,55.2130012512207
18.4342004358768,18.2910327911377,55.3129997253418
18.4678994119167,18.292106628418,55.4129981994629
18.5010004788637,18.1240119934082,55.5130004882813
18.5340996831656,17.6179027557373,55.6129989624023
18.5674000531435,17.2779941558838,55.7130012512207
18.6007991433144,17.3322982788086,55.8129997253418
18.6342000961304,17.188938140869098,55.9129981994629
18.6675991863012,17.1172904968262,56.0130004882813
18.7010001391172,17.3395004272461,56.1129989624023
18.7344998121262,16.8551998138428,56.2130012512207
18.7676995992661,16.6605415344238,56.3129997253418
18.8008993864059,16.794488906860398,56.4129981994629
18.8340991735458,16.711841583252,56.5130004882813
18.8673008233309,16.762317657470703,56.6129989624023
18.9006999135017,16.9456253051758,56.7130012512207
18.9343001693487,16.726638793945302,56.8129997253418
18.9676005393267,16.7639236450195,56.9129981994629
19.0009996294975,16.4186363220215,57.0130004882813
19.0342999994755,16.2581768035889,57.1129989624023
19.0674997866154,15.6796951293945,57.2130012512207
19.1006995737553,15.8342142105103,57.3129997253418
19.1341005265713,15.747677803039501,57.4129981994629
19.1674996167421,15.7751989364624,57.5130004882813
19.2007999867201,16.0358963012695,57.6129989624023
19.234100356698,15.9905567169189,57.7130012512207
19.267600029707,16.0712337493896,57.8129997253418
19.3009003996849,16.1679611206055,57.9129981994629
19.3341001868248,16.1848754882813,58.0130004882813
19.3672999739647,16.173620223999,58.1129989624023
19.4006003439426,16.0754432678223,58.2130012512207
19.4341000169516,15.7500562667847,58.3129997253418
19.4675996899605,15.5118198394775,58.4129981994629
19.5010006427765,15.6056203842163,58.5130004882813
19.5342004299164,15.401816368103,58.6129989624023
19.5675007998943,15.3688249588013,58.7130012512207
19.6007005870342,15.4503402709961,58.8129997253418
19.6339003741741,15.4487686157227,58.9129981994629
19.666999578476,15.631739616394,59.0130004882813
19.7005998343229,15.645305633544899,59.1129989624023
19.7340007871389,15.637608528137202,59.2130012512207
19.7673998773098,15.3578815460205,59.3129997253418
19.8005996644497,15.298000335693398,59.4129981994629
19.8337994515896,15.4254713058472,59.5130004882813
19.8669992387295,15.2512159347534,59.6129989624023
19.9005007743835,15.281714439392099,59.7130012512207
19.9337992817163,15.1442003250122,59.8129997253418
19.9672002345324,14.9345617294312,59.9129981994629
20.0005993247032,14.6711473464966,60.0130004882813
20.0340002775192,14.4408283233643,60.1129989624023
20.0673006474972,14.2015419006348,60.2130012512207
20.1005004346371,13.9350471496582,60.3129997253418
20.133700221777,13.9635648727417,60.4129981994629
20.1670005917549,14.022527694702099,60.5130004882813
20.2002990990877,13.908380508422901,60.6129989624023
20.2337000519037,13.8265352249146,60.7130012512207
20.2670991420746,13.7523918151855,60.8129997253418
20.3003995120525,13.730166435241701,60.9129981994629
20.3339997678995,13.6892681121826,61.0130004882813
20.3673001378775,13.557934761047399,61.1129989624023
20.4004999250174,13.651081085205101,61.2130012512207
20.4336997121572,13.292064666748,61.3129997253418
20.4671006649733,13.4466686248779,61.4129981994629
20.5004997551441,13.3088178634644,61.5130004882813
20.533999428153,13.2890338897705,61.6129989624023
20.567299798131,13.233344078064,61.7130012512207
20.600700750947,13.3055391311646,61.8129997253418
20.6340998411179,13.3172092437744,61.9129981994629
20.6674002110958,13.4062776565552,62.0130004882813
20.7001995295286,13.019909858703599,62.1129989624023
20.7334998995066,13.1837453842163,62.2130012512207
20.7671001553535,13.231997489929201,62.3129997253418
20.8004005253315,12.6276702880859,62.4129981994629
20.8339001983404,12.9794750213623,62.5130004882813
20.8675004541874,12.990042686462399,62.6129989624023
20.9005996584892,13.0251264572144,62.7130012512207
20.9337007254362,12.9126214981079,62.8129997253418
20.9672003984451,12.9806299209595,62.9129981994629
21.0005007684231,12.836388587951701,63.0130004882813
21.034000441432,12.881120681762699,63.1129989624023
21.06730081141,12.9325742721558,63.2130012512207
21.1006999015808,13.066012382507301,63.3129997253418
21.1341995745897,12.9812240600586,63.4129981994629
21.1673993617296,13.084178924560499,63.5130004882813
21.2005991488695,13.1282815933228,63.6129989624023
21.2338995188475,12.9297313690186,63.7130012512207
21.2670005857944,12.966290473938,63.8129997253418
21.3005002588034,12.979523658752399,63.9129981994629
21.3339999318123,13.0462284088135,64.0130004882813
21.3673003017902,12.8309240341187,64.1129989624023
21.4006993919611,12.707078933715799,64.2129974365234
21.433999761939,13.022788047790499,64.3130035400391
21.4671995490789,13.044872283935499,64.4130020141602
21.5004999190569,13.1522369384766,64.5130004882813
21.5338002890348,13.207628250122099,64.6129989624023
21.5671993792057,13.0690040588379,64.7129974365234
21.6006003320217,13.3195705413818,64.8130035400391
21.6339994221926,13.4685945510864,64.9130020141602
21.6674990952015,13.4253692626953,65.0130004882813
21.7007994651794,13.5447845458984,65.1129989624023
21.7339992523193,13.5800409317017,65.2129974365234
21.7672009021044,13.3709316253662,65.3130035400391
21.8004994094372,13.516078948974599,65.4130020141602
21.8339990824461,13.454517364502001,65.5130004882813
21.8675993382931,13.585343360900898,65.6129989624023
21.900899708271,13.699153900146499,65.7129974365234
21.934200078249,13.6603956222534,65.8130035400391
21.9673998653889,13.712550163269,65.9130020141602
22.0007002353668,13.7499380111694,66.0130004882813
22.0339000225067,13.5889949798584,66.1129989624023
22.0672003924847,13.844780921936001,66.2129974365234
22.1005994826555,13.610958099365199,66.3130035400391
22.1340991556644,13.8334798812866,66.4130020141602
22.1675001084805,13.8495578765869,66.5130004882813
22.2008004784584,13.8475027084351,66.6129989624023
22.2338996827602,13.5782909393311,66.7129974365234
22.2673006355762,13.9359664916992,66.8130035400391
22.3008003085852,13.996626853942901,66.9130020141602
22.3340000957251,14.2008428573608,67.0130004882813
22.3673991858959,14.093671798706099,67.1129989624023
22.4009994417429,14.187583923339801,67.2129974365234
22.4344003945589,14.364463806152301,67.3130035400391
22.4677007645369,14.408597946167,67.4130020141602
22.5009005516768,14.4663829803467,67.5130004882813
22.5341003388166,14.3103733062744,67.6129989624023
22.5674007087946,14.559498786926302,67.7129974365234
22.6006992161274,14.656547546386701,67.8130035400391
22.6339995861053,14.860634803772,67.9130020141602
22.6674992591143,15.077415466308599,68.0130004882813
22.7007009088993,15.086356163024899,68.1129989624023
22.7342993021011,15.0598821640015,68.2129974365234
22.7675996720791,14.9521036148071,68.3130035400391
22.800799459219,15.2459316253662,68.4130020141602
22.8340998291969,15.2392530441284,68.5130004882813
22.8674001991749,15.2588653564453,68.6129989624023
22.9008998721838,15.30539894104,68.7129974365234
22.9343008249998,14.9303703308105,68.8130035400391
22.9676999151707,14.643801689148,68.9130020141602
23.0011008679867,14.6339559555054,69.0130004882813
23.0346005409956,14.551700592041,69.1129989624023
23.0678003281355,14.614275932312,69.2129974365234
23.1005996465683,14.5434198379517,69.3130035400391
23.1337994337082,14.540225982666,69.4130020141602
23.1672991067171,14.5996246337891,69.5130004882813
23.2008006423712,14.544478416442901,69.6129989624023
23.2343003153801,14.6833467483521,69.7129974365234
23.2679005712271,14.6169490814209,69.8130035400391
23.3008991926908,14.7491130828857,69.9130020141602
23.3341008424759,14.7371406555176,70.0130004882813
23.3674999326468,14.697563171386701,70.1129989624023
23.4006997197866,14.7654628753662,70.2129974365234
23.4341993927956,14.6279191970825,70.3130035400391
23.4676003456116,14.6763505935669,70.4130020141602
23.5009994357824,14.5519819259644,70.5130004882813
23.5344991087914,14.2590780258179,70.6129989624023
23.5677007585764,14.4091348648071,70.7129974365234
23.6009005457163,14.3181066513062,70.8130035400391
23.6342009156942,14.434269905090298,70.9130020141602
23.667199537158,14.2715196609497,71.0130004882813
23.700600489974,14.1448383331299,71.1129989624023
23.734200745821,13.890892028808599,71.2129974365234
23.7675998359919,13.8669633865356,71.3130035400391
23.8009002059698,13.927770614624,71.4130020141602
23.8342005759478,14.109354019165,71.5130004882813
23.8674990832806,14.0426139831543,71.6129989624023
23.9007007330656,14.228614807128901,71.7129974365234
23.9339992403984,14.214635848998999,71.8130035400391
23.9672996103764,14.402940750122099,71.9130020141602
24.0007992833853,14.506947517395,72.0130004882813
24.0342002362013,14.5708303451538,72.1129989624023
24.0675993263721,14.5453214645386,72.2129974365234
24.1008996963501,14.7830753326416,72.3130035400391
24.13409948349,14.661208152771,72.4130020141602
24.167200550437,14.8304052352905,72.5130004882813
24.2005009204149,14.9188032150269,72.6129989624023
24.2339000105858,14.932365417480499,72.7129974365234
24.2675002664328,14.9445209503174,72.8130035400391
24.3008006364107,14.8990383148193,72.9130020141602
24.3340991437435,15.0111227035522,73.0130004882813
24.3673007935286,14.9640560150146,73.1129989624023
24.4005005806684,15.10755443573,73.2129974365234
24.4337990880013,15.0879354476929,73.3130035400391
24.4670007377863,15.1457042694092,73.4130020141602
24.5003998279572,15.2922506332397,73.5130004882813
24.5338995009661,15.2820329666138,73.6129989624023
24.5673004537821,15.276740074157699,73.7129974365234
24.600500240922,15.2660627365112,73.8130035400391
24.6335994452238,15.463356018066401,73.9130020141602
24.6670991182327,15.3384466171265,74.0130004882813
24.7005000710487,15.3343458175659,74.1129989624023
24.7335992753506,15.3895797729492,74.2129974365234
24.7671008110046,15.4496831893921,74.3130035400391
24.8006004840136,15.3805503845215,74.4130020141602
24.8339995741844,15.2143716812134,74.5130004882813
24.8672999441624,15.2990636825562,74.6129989624023
24.9004997313023,15.5942239761353,74.7129974365234
24.9338001012802,15.5312900543213,74.8130035400391
24.9671004712582,15.402509689331099,74.9130020141602
25.0004008412361,15.2938795089722,75.0130004882813
25.0336993485689,15.1594505310059,75.1129989624023
25.0671003013849,13.3093147277832,75.2129974365234
25.1004006713629,13.137473106384299,75.3130035400391
25.1340009272099,13.3388767242432,75.4130020141602
25.1672007143497,13.005274772644,75.5130004882813
25.2004992216825,12.9265575408936,75.6129989624023
25.2337995916605,13.101090431213398,75.7129974365234
25.2670999616385,12.946146965026902,75.8130035400391
25.3005009144545,13.181173324585,75.9130020141602
25.3340993076563,13.0313100814819,76.0130004882813
25.3672990947962,13.097746849060101,76.1129989624023
25.4008006304502,13.3038911819458,76.2129974365234
25.4340991377831,13.1244039535522,76.3130035400391
25.4675000905991,13.0723190307617,76.4130020141602
25.500200688839,12.9388980865479,76.5130004882813
25.5334991961718,12.5999441146851,76.6129989624023
25.5670007318258,12.4980201721191,76.7129974365234
25.6005004048347,12.367867469787601,76.8130035400391
25.6341006606817,12.1661052703857,76.9130020141602
25.6674997508526,12.3025970458984,77.0130004882813
25.7005002349615,11.9988069534302,77.1129989624023
25.7338993251324,11.7634191513062,77.2129974365234
25.7673002779484,11.811637878417999,77.3130035400391
25.8003994822502,11.777379989624,77.4130020141602
25.8338991552591,11.7226371765137,77.5130004882813
25.8674006909132,11.641400337219201,77.6129989624023
25.9007997810841,11.871262550354,77.7129974365234
25.9342007339001,11.6242799758911,77.8130035400391
25.9674992412329,11.613840103149402,77.9130020141602
26.0007008910179,11.522315979003901,78.0130004882813
26.0339006781578,11.322714805603,78.1129989624023
26.0669998824596,11.4631280899048,78.2129974365234
26.1004008352757,11.6140851974487,78.3130035400391
26.1339992284775,11.5322465896606,78.4130020141602
26.1674001812935,11.7185297012329,78.5130004882813
26.2007992714643,11.6376619338989,78.6129989624023
26.2340009212494,11.6254196166992,78.7129974365234
26.2672994285822,11.7377758026123,78.8130035400391
26.3005997985601,11.8379240036011,78.9130020141602
26.3337995857,11.923562049865701,79.0130004882813
26.367099955678,11.846493721008299,79.1129989624023
26.4005996286869,11.9611730575562,79.2129974365234
26.4340993016958,11.9612140655518,79.3130035400391
26.4675002545118,12.0316734313965,79.4130020141602
26.5008006244898,11.9966917037964,79.5130004882813
26.5340004116297,11.9822845458984,79.6129989624023
26.5672001987696,11.9702863693237,79.7129974365234
26.6005005687475,12.0748519897461,79.8130035400391
26.6338996589184,12.025484085082999,79.9130020141602
26.6676004976034,12.056987762451199,80.0130004882813
26.7008002847433,12.135986328125,80.1129989624023
26.7341006547213,12.1880626678467,80.2129974365234
26.7674997448921,12.1310300827026,80.3130035400391
26.800699532032,11.9853048324585,80.4130020141602
26.8338993191719,12.179333686828599,80.5130004882813
26.8671996891499,12.0660610198975,80.6129989624023
26.9006006419659,12.0812473297119,80.7129974365234
26.9342008978128,12.0512800216675,80.8130035400391
26.9674994051456,12.1022500991821,80.9130020141602
27.0007997751236,12.0561494827271,81.0130004882813
27.0339008420706,11.8510389328003,81.1129989624023
27.0674005150795,11.8274745941162,81.2129974365234
27.1007996052504,11.514458656311,81.3130035400391
27.1339993923903,10.9307861328125,81.4130020141602
27.1674003452063,10.723086357116701,81.5130004882813
27.2010006010532,10.675584793090799,81.6129989624023
27.234299108386,10.6460733413696,81.7129974365234
27.267700061202,10.599323272705101,81.8130035400391
27.3008998483419,10.637981414794899,81.9130020141602
27.3340996354818,10.4877061843872,82.0130004882813
27.3674000054598,10.532881736755401,82.1129989624023
27.4007003754377,10.67405128479,82.2129974365234
27.4340007454157,10.6877508163452,82.3130035400391
27.4675004184246,10.580283164977999,82.4130020141602
27.5008007884026,10.4799900054932,82.5130004882813
27.5343991816044,10.813429832458501,82.6129989624023
27.5676995515823,10.6813459396362,82.7129974365234
27.6008993387222,10.436594963073698,82.8130035400391
27.6340991258621,10.380491256713901,82.9130020141602
27.6673994958401,10.4171648025513,83.0130004882813
27.7008004486561,10.2823991775513,83.1129989624023
27.734300121665,10.3622179031372,83.2129974365234
27.7676992118359,10.420108795166,83.3130035400391
27.8011001646519,10.328895568847699,83.4130020141602
27.8345998376608,10.4157609939575,83.5130004882813
27.8677009046078,10.2138023376465,83.6129989624023
27.9006995260715,10.544985771179201,83.7129974365234
27.9338005930185,10.4931344985962,83.8130035400391
27.9673002660275,10.5573205947876,83.9130020141602
28.0007999390364,10.559984207153299,84.0130004882813
28.0344001948833,10.6752061843872,84.1129989624023
28.0677992850542,10.6630115509033,84.2129974365234
28.1007997691631,10.5625400543213,84.3130035400391
28.1341001391411,10.6496667861938,84.4130020141602
28.16759981215,10.905341148376499,84.5130004882813
28.2006002962589,10.8786945343018,84.6129989624023
28.2339993864298,10.6914262771606,84.7129974365234
28.2675996422768,10.7602939605713,84.8130035400391
28.3009000122547,10.752346038818398,84.9130020141602
28.3343996852636,10.7289342880249,85.0130004882813
28.3675994724035,10.7078332901001,85.1129989624023
28.4007005393505,10.7354831695557,85.2129974365234
28.4340009093285,10.6663236618042,85.3130035400391
28.4671001136303,10.8176975250244,85.4130020141602
28.5004992038012,10.5969314575195,85.5130004882813
28.5342000424862,10.7311315536499,85.6129989624023
28.5675004124641,10.6557683944702,85.7129974365234
28.600899502635,10.7084169387817,85.8130035400391
28.6340992897749,10.5622119903564,85.9130020141602
28.6673996597528,10.715651512146001,86.0130004882813
28.7007000297308,10.6085023880005,86.1129989624023
28.7338998168707,10.5844240188599,86.2129974365234
28.7670996040106,10.535219192504899,86.3130035400391
28.8006998598576,10.5715274810791,86.4130020141602
28.8341008126736,10.617754936218299,86.5130004882813
28.8674999028444,10.708707809448201,86.6129989624023
28.9008002728224,10.6910285949707,86.7129974365234
28.9340000599623,10.6667919158936,86.8130035400391
28.9670992642641,10.533073425292999,86.9130020141602
29.0003996342421,10.5277633666992,87.0130004882813
29.0338005870581,10.5814914703369,87.1129989624023
29.067499563098,10.618089675903299,87.2129974365234
29.1007999330759,10.3541135787964,87.3130035400391
29.1339997202158,10.4833631515503,87.4130020141602
29.1674006730318,10.5409889221191,87.5130004882813
29.2004998773336,10.416365623474102,87.6129989624023
29.2336996644735,10.4084768295288,87.7129974365234
29.2670000344515,10.443981170654299,87.8130035400391
29.3003991246223,10.446208953857399,87.9130020141602
29.3339993804693,10.4010066986084,88.0130004882813
29.3672997504473,10.3845224380493,88.1129989624023
29.4004995375872,10.5407981872559,88.2129974365234
29.4336993247271,10.5100612640381,88.3130035400391
29.4671002775431,10.3444499969482,88.4130020141602
29.500599950552,10.2364139556885,88.5130004882813
29.5336004346609,10.1201992034912,88.6129989624023
29.5671001076698,10.0160913467407,88.7129974365234
29.6007003635168,6.5380096435546005,88.8130035400391
29.6340007334948,6.337120532989499,88.9130020141602
29.6672992408276,6.0134892463684,89.0130004882813
29.7005008906126,6.3151426315307,89.1129989624023
29.7337993979454,6.2256364822387,89.2129974365234
29.7670997679234,5.9655213356018,89.3130035400391
29.8002995550632,6.1235418319702,89.4130020141602
29.8337005078793,6.0349111557006,89.5130004882813
29.8670995980501,6.1573643684387,89.6129989624023
29.9005005508661,6.0749425888061,89.7129974365234
29.934000223875,6.301320075988699,89.8130035400391
29.967300593853,6.0837650299072,89.9130020141602
30.0005003809929,6.387655258178699,90.0130004882813
30.0338007509708,6.369710445404,90.1129989624023
30.0671998411417,6.2648878097534,90.2129974365234
30.1005002111197,6.3304195404052,90.3130035400391
30.1338993012905,6.3303165435791,90.4130020141602
30.1673002541065,6.4770989418029,90.5130004882813
30.2007999271154,6.3996143341064,90.6129989624023
30.2342008799314,6.4717197418212,90.7129974365234
30.2674006670713,6.405569076538,90.8130035400391
30.3003992885351,6.415012836456301,90.9130020141602
30.333599075675,6.6061024665832,91.0130004882813
30.367000028491,6.3557329177856,91.1129989624023
30.4004997014999,6.5346031188964,91.2129974365234
30.434200540185,6.6116728782653,91.3130035400391
30.4675009101629,6.3748593330383,91.4130020141602
30.5006001144648,6.5745363235473,91.5130004882813
30.5339992046356,6.617305278778,91.6129989624023
30.5672995746136,6.3716983795166,91.7129974365234
30.6004006415606,6.2893199920654,91.8130035400391
30.6337997317314,6.5314750671386,91.9130020141602
30.6673999875784,6.2026042938231996,92.0130004882813
30.7007990777493,6.2665476799011,92.1129989624023
30.7343006134033,6.1557469367981,92.2129974365234
30.7675004005432,6.134814739227299,92.3130035400391
30.8007001876831,5.8571090698242,92.4130020141602
30.833899974823,5.97270154953,92.5130004882813
30.8670997619629,6.1450190544128,92.6129989624023
30.9005007147789,6.0096545219421005,92.7129974365234
30.9340991079807,5.9829187393188,92.8130035400391
30.9675000607967,6.2122406959533,92.9130020141602
31.0008991509676,6.0189108848571,93.0130004882813
31.0341995209455,6.0279831886291,93.1129989624023
31.0673005878925,6.2719411849975,93.2129974365234
31.1006996780634,6.0663137435913,93.3130035400391
31.1338994652033,6.2910122871398,93.4130020141602
31.1671998351812,6.2839393615722,93.5130004882813
31.2006995081902,6.3242635726928,93.6129989624023
31.2341991811991,6.2934894561767,93.7129974365234
31.2675982713699,6.5194330215453995,93.8130035400391
31.3008986413479,6.2817115783691,93.9130020141602
31.3340984284878,6.3560767173767,94.0130004882813
31.3673987984657,6.4102897644042995,94.1129989624023
31.4006991684437,6.4373469352722,94.2129974365234
31.4341001212597,6.276035785675,94.3130035400391
31.4676016569138,6.7267422676086,94.4130020141602
31.5008983016014,6.3641448020935,94.5130004882813
31.5341986715794,6.5627398490905,94.6129989624023
31.5675996243954,6.5727372169494,94.7129974365234
31.6007994115353,6.5595993995666,94.8130035400391
31.6339991986752,6.650716781616199,94.9130020141602
31.6674001514912,6.732904434204101,95.0130004882813
31.7007005214691,6.7436275482177,95.1129989624023
31.7342989146709,6.7168064117431,95.2129974365234
31.7675992846489,6.7382526397705,95.3130035400391
31.8008996546268,6.741607189178399,95.4130020141602
31.8340994417667,6.6541981697081996,95.5130004882813
31.8676009774208,6.7389974594116,95.6129989624023
31.9009013473988,6.6739492416381,95.7129974365234
31.9341011345387,6.7196578979492,95.8130035400391
31.9674983620644,6.9623880386352,95.9130020141602
32.0008993148804,6.8710198402403995,96.0130004882813
32.0343002676964,6.8264031410217,96.1129989624023
32.0677012205124,6.8881664276123,96.2129974365234
32.1009010076523,6.9464073181152,96.3130035400391
32.1342013776302,6.8636374473571,96.4130020141602
32.1675017476082,6.9530119895935005,96.5130004882813
32.2007015347481,6.9703078269958,96.6129989624023
32.2340987622738,7.0506701469421005,96.7129974365234
32.2672985494137,6.6887474060058,96.8130035400391
32.3009006679058,6.9644212722778,96.9130020141602
32.3343984782696,6.6241273880003995,97.0130004882813
32.3675982654095,6.6421575546264,97.1129989624023
32.4008017778397,6.4143414497375,97.2129974365234
32.4341990053654,6.2567749023437,97.3130035400391
32.4674993753433,6.4398388862609,97.4130020141602
32.5006991624832,6.426586151123,97.5130004882813
32.5341001152992,6.3606386184692,97.6129989624023
32.5676016509533,6.3879742622375,97.7129974365234
32.6010994613171,6.1235232353210005,97.8130035400391
32.6345004141331,5.828845500946,97.9130020141602
32.6674990355968,5.860558986663801,98.0130004882813
32.7005982398987,5.9196963310241,98.1129989624023
32.7338017523289,5.981994152068999,98.2129974365234
32.7670983970165,5.8828191757202,98.3130035400391
32.8007005155087,6.0658774375915,98.4130020141602
32.8345000743866,5.986802101135201,98.5130004882813
32.8675992786884,6.1931943893432,98.6129989624023
32.9006984829903,5.8855476379394,98.7129974365234
32.9340994358063,6.015805244445801,98.8130035400391
32.9675003886223,6.1348462104797,98.9130020141602
33.0005995929241,6.0264673233032,99.0130004882813
33.0338999629021,5.9998936653137,99.1129989624023
33.0674014985561,6.0279011726379,99.2129974365234
33.1008993089199,6.0314126014709,99.3130035400391
33.1341996788979,6.2146525382995,99.4130020141602
33.1675000488758,6.1413531303405,99.5130004882813
33.2008004188538,6.0077681541442,99.6129989624023
33.2340002059937,5.9591503143310005,99.7129974365234
33.2670994102955,5.9412899017334,99.8130035400391
33.3005003631115,5.903616905212401,99.9130020141602
33.3339981734753,5.8655605316162,100.013000488281
33.3674997091293,5.9041080474853,100.112998962402
33.4009006619453,5.9008083343505,100.212997436523
33.4341004490852,5.6844716072082,100.313003540039
33.4673002362251,5.6079082489013,100.41300201416
33.5006006062031,5.4321632385253,100.513000488281
33.533800393343,5.4914503097534,100.612998962402
33.5671007633209,5.5752038955688,100.712997436523
33.6005017161369,5.2552685737609,100.813003540039
33.6341001093388,5.1682343482971005,100.91300201416
33.6675010621548,5.1639232635498,101.013000488281
33.7007008492947,5.1924409866333,101.112998962402
33.7339006364346,5.2943115234375,101.212997436523
33.7671004235744,5.310317993164,101.313003540039
33.8005013763905,5.0621976852417,101.41300201416
33.8338017463684,5.122257232666,101.513000488281
33.8672995567322,5.0650072097778,101.612998962402
33.9007005095482,5.1063141822814,101.712997436523
33.9340008795261,5.1711468696594,101.813003540039
33.9673012495041,5.28267288208,101.91300201416
34.0004004538059,5.2166905403137,102.013000488281
34.0337008237839,5.154146194458,102.112998962402
34.0670011937618,5.3275837898253995,102.212997436523
34.1003984212875,5.2188072204589,102.313003540039
34.1337993741035,5.1356329917907,102.41300201416
34.1672003269196,5.326064586639401,102.513000488281
34.2004001140594,5.2562036514282,102.612998962402
34.2337004840374,5.2824807167053,102.712997436523
34.2671982944012,5.2834701538085,102.813003540039
34.3004986643791,5.2969665527343,102.91300201416
34.3336015939713,5.1998767852783,103.013000488281
34.367099404335,5.318409919738699,103.112998962402
34.400500357151,5.425036907196,103.212997436523
34.4339981675148,5.3710193634033,103.313003540039
34.467201679945,5.305959701538001,103.41300201416
34.5004983246326,5.4102478027343,103.513000488281
34.5337986946106,5.3671202659606,103.612998962402
34.5671996474266,5.303137302398601,103.712997436523
34.6002988517284,5.4793496131897,103.813003540039
34.6336998045444,5.3096604347228995,103.91300201416
34.6668995916843,5.2970848083496,104.013000488281
34.7005985677242,5.3295736312866,104.112998962402
34.7339995205402,5.424174785614,104.212997436523
34.7672998905182,5.2892141342163,104.313003540039
34.8006002604961,5.214564323425201,104.41300201416
34.8339006304741,5.3749017715454,104.513000488281
34.867201000452,5.223862648010201,104.612998962402
34.90050137043,5.2074227333067995,104.712997436523
34.9338985979557,5.265045642852701,104.813003540039
34.9675007164478,5.330654621124199,104.91300201416
35.0009016692638,5.2961854934692,105.013000488281
35.0341983139515,5.1102595329284,105.112998962402
35.0672006607056,5.1824350357055,105.212997436523
35.1004004478455,4.8776741027832,105.313003540039
35.1337008178234,4.9736652374267,105.41300201416
35.1670011878014,4.9833970069885,105.513000488281
35.2005995810032,4.8406138420105,105.612998962402
35.2342985570431,4.7539701461792,105.712997436523
35.267498344183,4.9258599281311,105.813003540039
35.3006012737751,4.9153604507446005,105.91300201416
35.3340990841389,4.8161559104919,106.013000488281
35.3675000369549,4.7905974388122,106.112998962402
35.4006998240948,4.7288727760314,106.212997436523
35.4338996112347,4.8809037208557,106.313003540039
35.4673005640507,4.768916606903,106.41300201416
35.5009995400906,4.7911267280578,106.513000488281
35.5342999100685,4.754275798797599,106.612998962402
35.5676002800465,4.4746642112731,106.712997436523
35.6009006500244,4.5885696411131995,106.813003540039
35.6339998543262,4.410106182098301,106.91300201416
35.6673002243042,4.3920087814331,107.013000488281
35.7007011771202,4.0956106185913,107.112998962402
35.734198987484,4.3610296249389,107.212997436523
35.767700523138,4.2887430191039995,107.313003540039
35.801000893116,4.189206123351999,107.41300201416
35.8343012630939,4.1641197204589,107.513000488281
35.8676016330719,4.3242392539978,107.612998962402
35.9008982777596,4.224148750305099,107.712997436523
35.9341017901897,4.3250432014464995,107.813003540039
35.9673984348774,4.304058074951101,107.91300201416
36.0007993876934,4.2758975028991,108.013000488281
36.0344015061855,4.275708675384499,108.112998962402
36.0676981508732,4.2071342468261,108.212997436523
36.1009985208511,4.3094491958617995,108.313003540039
36.134198307991,4.2759890556335005,108.41300201416
36.167498677969,4.2024526596069,108.513000488281
36.200899630785,4.2470068931579,108.612998962402
36.234300583601,4.2285199165344,108.712997436523
36.2676009535789,4.3000655174255,108.813003540039
36.3009981811047,4.1441254615783,108.91300201416
36.3342985510826,4.362416267395,109.013000488281
36.3675989210606,4.2729811668396,109.112998962402
36.4008992910385,4.1672558784484,109.212997436523
36.4340990781784,4.0877981185913,109.313003540039
36.4673994481564,3.9161839485168,109.41300201416
36.5006998181343,3.8901484012603,109.513000488281
36.5341007709503,3.9219233989715,109.612998962402
36.5675017237663,3.8972690105437997,109.712997436523
36.6007015109062,3.8216061592102,109.813003540039
36.6340987384319,4.0520992279052,109.91300201416
36.6677008569241,3.8633356094359996,110.013000488281
36.7008000612259,3.8026349544525,110.112998962402
36.7341004312038,3.8453245162963,110.212997436523
36.7675013840199,3.895212650299,110.313003540039
36.8008017539978,3.8024508953094003,110.41300201416
36.8342995643616,3.7550766468048,110.513000488281
36.8674993515015,3.9551105499267,110.612998962402
36.9006991386414,3.909710407257,110.712997436523
36.9341000914574,3.8742814064025,110.813003540039
36.9674004614353,3.9047873020172004,110.91300201416
37.0007008314133,3.8308453559875,111.013000488281
37.0339006185532,3.719313621521,111.112998962402
37.0671004056931,3.7861683368682,111.212997436523
37.1007993817329,3.8005542755127,111.313003540039
37.134200334549,3.6946630477905,111.41300201416
37.1675007045269,3.7137444019317,111.513000488281
37.2008010745049,3.8522610664367,111.612998962402
37.2341014444828,3.7530903816223,111.712997436523
37.2674018144608,3.7260429859161,111.813003540039
37.3006984591484,3.6402838230133,111.91300201416
37.3339988291264,3.6816318035125,112.013000488281
37.3676009476185,3.6740918159484,112.112998962402
37.4010987579823,3.7512979507446,112.212997436523
37.4343991279602,3.7593748569487997,112.313003540039
37.4672003090382,3.6120929718017,112.41300201416
37.5005006790161,3.5689332485198997,112.513000488281
37.5338010489941,3.6300318241119,112.612998962402
37.567101418972,3.5070445537567,112.712997436523
37.6005992293358,3.4857189655304,112.813003540039
37.6342982053757,3.608416557312,112.91300201416
37.6674011349678,3.4555118083953,113.013000488281
37.7006009221077,3.6423246860504,113.112998962402
37.7340987324715,3.4590063095092,113.212997436523
37.7673991024494,3.381504535675,113.313003540039
37.8005988895893,3.4604952335357,113.41300201416
37.8338992595673,3.558054447174,113.513000488281
37.8671996295452,3.475947856903,113.612998962402
37.9008986055851,3.448275566101,113.712997436523
37.934198975563,3.4983241558075,113.813003540039
37.9673987627029,3.3428766727447,113.91300201416
38.0006991326809,3.3113331794738,114.013000488281
38.0337983369827,3.33731508255,114.112998962402
38.0670987069607,3.4478678703308,114.212997436523
38.1004996597767,3.3338613510131,114.313003540039
38.1339006125927,3.4970667362213,114.41300201416
38.1674990057945,3.2870066165923997,114.513000488281
38.2006987929344,3.3593130111694003,114.612998962402
38.2339991629124,3.2144279479980002,114.712997436523
38.2672995328903,3.2387475967407,114.813003540039
38.3005999028683,3.1645894050598002,114.91300201416
38.3337996900082,3.2268452644348,115.013000488281
38.3671000599861,3.2207834720611,115.112998962402
38.4004004299641,3.1257009506225,115.212997436523
38.4339988231659,3.2630138397215998,115.313003540039
38.4673997759819,3.2827939987182,115.41300201416
38.5004989802837,3.2006385326385,115.513000488281
38.5337993502617,3.145003080368,115.612998962402
38.5670997202396,3.1743822097778,115.712997436523
38.6005006730556,3.0939667224883998,115.813003540039
38.6339016258717,2.9581298828125,115.91300201416
38.6671982705593,3.1808731555937997,116.013000488281
38.7005992233753,3.1121790409087997,116.112998962402
38.7338995933533,3.0728623867034,116.212997436523
38.7670993804932,3.2776062488555002,116.313003540039
38.8005003333092,3.1221907138824,116.41300201416
38.8337001204491,3.0790855884552,116.513000488281
38.867000490427,3.1087400913238,116.612998962402
38.900300860405,3.0637226104736,116.712997436523
38.933701813221,3.0588440895080002,116.813003540039
38.9670990407467,3.0483372211456,116.91300201416
39.0002988278866,3.1598854064940998,117.013000488281
39.0338003635406,2.9997084140776997,117.112998962402
39.0672981739044,3.1146898269653,117.212997436523
39.1005016863346,3.0349419116972998,117.313003540039
39.1337983310223,2.9614522457122,117.41300201416
39.1671992838383,2.9435513019561,117.513000488281
39.2004996538162,2.9071168899536,117.612998962402
39.2340011894703,2.9485239982605003,117.712997436523
39.2673015594482,2.9014348983764,117.813003540039
39.3005982041359,2.8626055717468,117.91300201416
39.3338985741138,2.8604822158813,118.013000488281
39.3671989440918,2.7208461761474,118.112998962402
39.4004993140697,2.7160856723785,118.212997436523
39.4337996840477,2.7108120918273,118.313003540039
39.4669994711876,2.5706994533537997,118.41300201416
39.5006984472275,2.5492241382597998,118.513000488281
39.5340994000435,2.3704767227172003,118.612998962402
39.5675003528595,2.297946691513,118.712997436523
39.6008007228374,2.1802005767822,118.813003540039
39.6341010928154,2.2187883853912,118.91300201416
39.6674014627934,2.138014793396,119.013000488281
39.7007986903191,2.0277881622314,119.112998962402
39.733998477459,2.2492740154266,119.212997436523
39.7676005959511,2.2211523056030003,119.313003540039
39.8010984063148,2.2179243564605002,119.41300201416
39.8344993591309,2.1847937107086,119.513000488281
39.8674011230469,2.1491465568542,119.612998962402
39.9006009101868,2.1220183372497003,119.712997436523
39.9339981377125,2.0625166893005,119.813003540039
39.9672016501427,2.0563285350799,119.91300201416
40.0008000433445,2.0590581893919997,120.013000488281
40.0343984365463,2.0302474498747998,120.112998962402
40.0675982236862,2.0180158615112,120.212997436523
40.1008985936642,2.0020496845245,120.313003540039
40.1342995464802,1.7983781099319,120.41300201416
40.1674993336201,1.9450285434722,120.513000488281
40.2009002864361,1.7931164503097001,120.612998962402
40.234200656414,1.80240213871,120.712997436523
40.267501026392,1.869686961174,120.813003540039
40.3009988367558,1.9583381414413001,120.91300201416
40.3343997895718,1.9205121994018,121.013000488281
40.3675995767117,1.8258694410324,121.112998962402
40.4010005295277,1.6600959300994,121.212997436523
40.4340997338295,1.7801998853683,121.313003540039
40.4674001038074,1.76917719841,121.41300201416
40.5008010566235,1.8713228702545002,121.513000488281
40.5341014266014,1.7897006273269,121.612998962402
40.5675992369652,1.731535077095,121.712997436523
40.6010001897812,1.9229167699813001,121.813003540039
40.6343005597591,1.8640388250351,121.91300201416
40.6676009297371,1.7674945592879998,122.013000488281
40.700901299715,1.7050793170929002,122.112998962402
40.7341010868549,1.78151845932,122.212997436523
40.7674014568329,1.7595760822296,122.313003540039
40.8007986843586,1.7763870954513,122.41300201416
40.8343002200127,1.8258421421051,122.513000488281
40.8677011728287,1.7238014936447001,122.612998962402
40.9010015428066,1.6585729122161001,122.712997436523
40.9341007471085,1.6921685934066002,122.813003540039
40.9675016999245,1.6185758113861,122.91300201416
41.0007983446121,1.7153586149214999,123.013000488281
41.0342998802662,1.8439308404922001,123.112998962402
41.0674996674061,1.7176464796066,123.212997436523
41.1009006202221,1.5264700651168,123.313003540039
41.1343015730381,1.5561741590499,123.41300201416
41.1675982177258,1.4285750389099,123.513000488281
41.2008017301559,1.6634901762007999,123.612998962402
41.2340983748436,1.6452107429504,123.712997436523
41.2673987448215,1.3993108272552002,123.813003540039
41.3007996976376,1.3265373706817,123.91300201416
41.3339994847775,1.4003005027771,124.013000488281
41.3672998547554,1.2175096273422,124.112998962402
41.4006002247334,1.296968460083,124.212997436523
41.4341986179352,1.0824036598204998,124.313003540039
41.4675995707512,1.1296302080154,124.41300201416
41.5007993578911,1.6461555957794,124.513000488281
41.5342003107071,1.3632403612136,124.612998962402
41.567500680685,1.2504816055297001,124.712997436523
41.600801050663,1.2754397392273,124.813003540039
41.6341014206409,1.3156255483627,124.91300201416
41.6674986481667,1.3023645877838,125.013000488281
41.7007990181446,1.0365337133407,125.112998962402
41.7340993881226,1.3291687965393,125.212997436523
41.7672991752625,1.1602227687835,125.313003540039
41.8007001280785,1.0091398954391,125.41300201416
41.8338999152184,1.4710253477096,125.513000488281
41.8670997023582,1.2318382263182999,125.612998962402
41.9007018208504,1.1613652706146,125.712997436523
41.9341996312141,1.1016173362730999,125.813003540039
41.967399418354,1.11954164505,125.91300201416
42.00080037117,1.0698366165161,126.013000488281
42.0340001583099,1.1258631944656001,126.112998962402
42.0674011111259,1.1278434991836,126.212997436523
42.1007014811039,1.0579603910446,126.313003540039
42.1340018510818,1.0024572610855,126.41300201416
42.1674996614456,1.0852910280227,126.513000488281
42.2010011970997,1.0986025333404,126.612998962402
42.2343015670776,1.0901119709014,126.712997436523
42.2671996057034,1.0908019542694,126.813003540039
42.3003993928432,1.2461403608322,126.91300201416
42.3339009284973,1.0580118894577,127.013000488281
42.3671007156372,1.1213458776474,127.112998962402
42.400598526001,0.9702648520469,127.212997436523
42.434100061655,1.2426468133926,127.313003540039
42.4672998487949,1.041885972023,127.41300201416
42.5007008016109,0.9288557767868001,127.513000488281
42.534101754427,1.0054613351821,127.612998962402
42.5671003758907,1.0829281806945001,127.712997436523
42.6005981862545,1.0026451349258,127.813003540039
42.6338985562325,1.1001206636428,127.91300201416
42.6671989262104,1.1387085914611,128.013000488281
42.7007004618645,1.1112991571426,128.113006591797
42.7341014146805,1.1364071369170998,128.212997436523
42.7673012018204,1.0027648210525,128.313003540039
42.8006015717983,0.8890767097473,128.412994384766
42.8337007761002,1.1261308193206,128.513000488281
42.8671017289162,1.1020894050598,128.613006591797
42.9004989564419,1.0864237546920001,128.712997436523
42.9337993264198,1.0120018720626,128.813003540039
42.9672002792358,1.0728318691253,128.912994384766
43.0006012320518,1.039391875267,129.013000488281
43.0339016020298,0.9520748853683,129.113006591797
43.0671982467175,0.9620602726936,129.212997436523
43.1004986166954,1.051892876625,129.313003540039
43.1337989866734,0.584183037281,129.412994384766
43.1669987738132,0.6158801317214,129.513000488281
43.2003997266293,0.6011049747467,129.613006591797
43.2339012622833,0.6291207075119001,129.712997436523
43.2673990726471,0.717173397541,129.813003540039
43.300598859787,0.7235182523727001,129.912994384766
43.3337986469269,0.5894730091093999,130.013000488281
43.3670990169048,0.567380785942,130.113006591797
43.4004999697208,0.5830590724945001,130.212997436523
43.4339009225368,0.8158215880392999,130.313003540039
43.4671007096767,0.7120527029037,130.412994384766
43.5005016624928,0.7329956889152001,130.513000488281
43.5338988900185,0.6680336594581,130.613006591797
43.5670986771584,0.9239608645439,130.712997436523
43.6004996299744,0.5338463783264,130.813003540039
43.6337999999523,0.7392218112944999,130.912994384766
43.6672009527683,0.6592958569526,131.013000488281
43.7005013227463,0.7491653561592,131.113006591797
43.7338016927242,0.628859937191,131.212997436523
43.7670983374119,0.6115244030952001,131.313003540039
43.8004992902279,0.642533481121,131.412994384766
43.834000825882,0.7035231590271,131.513000488281
43.8674986362457,0.6612313985824,131.613006591797
43.9006984233856,0.4253898561,131.712997436523
43.9339987933636,0.5627067685127001,131.813003540039
43.9673997461796,0.6937168240546999,131.912994384766
44.0007001161575,0.49362647533410003,132.013000488281
44.0341010689735,0.4978878498077,132.113006591797
44.0674014389515,0.5316061973570999,132.212997436523
44.1007986664772,0.4591724276542,132.313003540039
44.1340990364552,0.44981959462160004,132.412994384766
44.1673994064331,0.4009698629379,132.513000488281
44.2006997764111,0.5157313346862,132.613006591797
44.234000146389,0.455235093832,132.712997436523
44.2671999335289,0.4094361960887,132.813003540039
44.300701469183,0.36798429489129997,132.912994384766
44.3340986967087,0.48715704679480004,133.013000488281
44.3674996495247,0.3449957966804,133.113006591797
44.4008000195026,0.40009114146229996,133.212997436523
44.4342009723186,0.3874957859516,133.313003540039
44.4675013422966,0.3927195966243,133.412994384766
44.5008017122746,0.2887307703495,133.513000488281
44.5340983569622,0.4017795324325,133.613006591797
44.5675998926163,0.38214057683939995,133.712997436523
44.6011014282703,0.2762979269027,133.813003540039
44.6344017982483,0.3718564212322,133.912994384766
44.667299836874,0.4799363315105,134.013000488281
44.700600206852,0.3369712829589,134.113006591797
44.734001159668,0.3375921547412,134.212997436523
44.7673983871937,0.19207359850400002,134.313003540039
44.8008999228477,0.2087269574403,134.412994384766
44.8343008756638,0.2642514407634,134.513000488281
44.8675006628036,0.2879921495914,134.613006591797
44.9009016156197,0.3410993516445,134.712997436523
44.9342988431454,0.3802244663238,134.813003540039
44.9674017727375,0.2678461968898,134.912994384766
45.0007990002632,0.2288894504308,135.013000488281
45.0341999530792,0.1195882558822,135.113006591797
45.0675003230572,0.13227897882460002,135.212997436523
45.1009012758732,0.33815559744830004,135.313003540039
45.134399086237,0.1418079733848,135.412994384766
45.1675988733768,0.0480001531541348,135.513000488281
45.2008992433548,0.1082375496625,135.613006591797
45.2340990304947,0.0702403038740158,135.712997436523
45.2673994004726,0.1564693152904,135.813003540039
45.3008003532887,0.0497216396033764,135.912994384766
45.3342013061047,0.1972876787185,136.013000488281
45.3675985336304,0.0955186039209366,136.113006591797
45.4009994864464,0.1496456414461,136.212997436523
45.4341992735863,0.1736209094524,136.313003540039
45.4676002264023,0.0126800201833248,136.412994384766
45.5009005963802,0.2547633051872,136.513000488281
45.5342009663582,0.15944224596019999,136.613006591797
45.5674007534981,0.0588000677525997,136.712997436523
45.6008985638618,0.011150243692100001,136.813003540039
45.6342995166779,0.09876500070095061,136.912994384766
45.6678010523319,0.0403580814599991,137.013000488281
45.7010008394718,0.10112778097389999,137.113006591797
45.7342006266117,0.022477598860859902,137.212997436523
45.7676015794277,0.1162484362721,137.313003540039
45.8008982241154,0.25594276189799997,137.412994384766
45.8343997597694,0.2015977203845,137.513000488281
45.8674989640713,0.1179923042654,137.613006591797
45.9007993340492,0.1319043189287,137.712997436523
45.9343008697033,4.2818181100301404e-05,137.813003540039
45.9675006568432,0.19899068772790002,137.912994384766
46.0008010268211,0.07498630881309509,138.013000488281
46.0341982543468,0.137394785881,138.113006591797
46.0674986243248,0.1452344059944,138.212997436523
46.1008995771408,0.018483830615878098,138.313003540039
46.1339987814426,0.1368400901556,138.412994384766
46.1671985685825,0.0385966971516609,138.513000488281
46.2005995213985,0.1475932896137,138.613006591797
46.2341010570526,0.3123236000537,138.712997436523
46.2674982845783,0.0573783069849014,138.813003540039
46.3007986545563,0.022596322000026703,138.912994384766
46.3340990245342,0.0164110399782658,139.013000488281
46.3674999773502,0.0263672415167093,139.113006591797
46.4006997644901,0.0069044316187501,139.212997436523
46.4340001344681,0.2619450688362,139.313003540039
46.4674010872841,0.2698022127151,139.412994384766
46.500701457262,0.1414333134889,139.513000488281
46.53400182724,0.0391134358942509,139.613006591797
46.5672984719276,0.1435956358909,139.712997436523
46.6006994247437,0.084513358771801,139.813003540039
46.6338992118835,0.0673452094197273,139.912994384766
46.6671995818615,0.021615395322442103,140.013000488281
46.7007011175156,0.18271976709360002,140.113006591797
46.7340983450413,0.1343673467636,140.212997436523
46.7673018574715,0.042595330625772504,140.313003540039
46.8006990849972,0.00892953667789698,140.412994384766
46.8341000378132,0.0854485407471657,140.513000488281
46.8674004077911,0.1309097707271,140.613006591797
46.9007007777691,0.0521613024175167,140.712997436523
46.933900564909,0.0109964869916439,140.813003540039
46.9673983752728,0.12585236132139999,140.912994384766
47.0010004937649,0.2365042716264,141.013000488281
47.0340996980667,0.1239479258656,141.113006591797
47.0670983195305,0.0154904499650002,141.212997436523
47.1003986895084,0.0107006523758173,141.313003540039
47.1337996423244,0.0979154482483864,141.412994384766
47.1672005951405,0.1916639059782,141.513000488281
47.2006984055042,0.0132785011082888,141.613006591797
47.2338981926441,0.1376400142908,141.712997436523
47.2671985626221,0.0460353828966618,141.813003540039
47.3005995154381,0.00515764439478517,141.912994384766
47.3340004682541,0.0307707004249096,142.013000488281
47.367200255394,0.1570006459951,142.113006591797
47.4005006253719,0.0512640662491322,142.212997436523
47.4339015781879,0.025890402495861102,142.313003540039
47.4672988057137,0.17374742031089999,142.412994384766
47.5005991756916,0.0563253685832024,142.513000488281
47.5340001285076,0.134942471981,142.613006591797
47.5673004984856,0.0404281467199326,142.712997436523
47.6005002856255,0.00536297727376223,142.813003540039
47.6338006556034,0.0810392424464226,142.912994384766
47.6671010255814,0.0578853152692318,143.013000488281
47.7004982531071,0.1635362505912,143.113006591797
47.7338992059231,0.06464085727930069,143.212997436523
47.767199575901,0.00982190668582916,143.313003540039
47.800600528717,0.0648598149418831,143.412994384766
47.833900898695,0.012936929240822799,143.513000488281
47.867301851511,0.157885223627,143.613006591797
47.9005984961987,0.0223248153924942,143.712997436523
47.9337982833385,0.0145630473271012,143.813003540039
47.9670986533165,0.0906100794672966,143.912994384766
48.0004996061325,0.14932645857329999,144.013000488281
48.0339005589485,0.1135606244206,144.113006591797
48.0673983693123,0.2441015839576,144.212997436523
48.1005981564522,0.025311382487416302,144.313003540039
48.1338985264301,0.08775002509355549,144.412994384766
48.1672994792461,0.2335235476493,144.513000488281
48.2007004320621,0.023359263315796897,144.613006591797
